Variable,Bin id,Bin,Count,Count (%),Non-event,Event,Event rate,WoE,IV,JS,Coefficient,Points
NAME_CONTRACT_TYPE,0,['Revolving loans'],12056,0.096,11415,641,0.053,0.44,0.015,0.002,-0.628,-6.566
NAME_CONTRACT_TYPE,1,['Cash loans'],113899,0.904,104437,9462,0.083,-0.038,0.001,0.0,-0.628,6.815
NAME_CONTRACT_TYPE,2,Special,0,0.0,0,0,0.0,0.0,0.0,0.0,-0.628,5.747
NAME_CONTRACT_TYPE,3,Missing,0,0.0,0,0,0.0,0.0,0.0,0.0,-0.628,5.747
CODE_GENDER,0,['XNA' 'F'],82896,0.658,77096,5800,0.07,0.148,0.013,0.002,-0.738,0.888
CODE_GENDER,1,['M'],43059,0.342,38756,4303,0.1,-0.242,0.022,0.003,-0.738,13.69
CODE_GENDER,2,Special,0,0.0,0,0,0.0,0.0,0.0,0.0,-0.738,5.747
CODE_GENDER,3,Missing,0,0.0,0,0,0.0,0.0,0.0,0.0,-0.738,5.747
FLAG_OWN_CAR,0,['Y'],42893,0.341,39866,3027,0.071,0.138,0.006,0.001,-1.085,-0.946
FLAG_OWN_CAR,1,['N'],83062,0.659,75986,7076,0.085,-0.066,0.003,0.0,-1.085,8.919
FLAG_OWN_CAR,2,Special,0,0.0,0,0,0.0,0.0,0.0,0.0,-1.085,5.747
FLAG_OWN_CAR,3,Missing,0,0.0,0,0,0.0,0.0,0.0,0.0,-1.085,5.747
CNT_CHILDREN,0,"[-inf, 0.50)",88171,0.7,81453,6718,0.076,0.056,0.002,0.0,-0.743,3.902
CNT_CHILDREN,1,"[0.50, inf)",37784,0.3,34399,3385,0.09,-0.121,0.005,0.001,-0.743,9.744
CNT_CHILDREN,2,Special,0,0.0,0,0,0.0,0.0,0.0,0.0,-0.743,5.747
CNT_CHILDREN,3,Missing,0,0.0,0,0,0.0,0.0,0.0,0.0,-0.743,5.747
AMT_INCOME_TOTAL,0,"[-inf, 72945.00)",9787,0.078,9039,748,0.076,0.052,0.0,0.0,0.241,6.309
AMT_INCOME_TOTAL,1,"[72945.00, 109926.00)",18845,0.15,17302,1543,0.082,-0.022,0.0,0.0,0.241,5.506
AMT_INCOME_TOTAL,2,"[109926.00, 127399.50)",17633,0.14,16038,1595,0.09,-0.131,0.003,0.0,0.241,4.337
AMT_INCOME_TOTAL,3,"[127399.50, 169620.75)",30576,0.243,27977,2599,0.085,-0.063,0.001,0.0,0.241,5.068
AMT_INCOME_TOTAL,4,"[169620.75, 216011.25)",21204,0.168,19496,1708,0.081,-0.005,0.0,0.0,0.241,5.697
AMT_INCOME_TOTAL,5,"[216011.25, 229214.25)",8670,0.069,8016,654,0.075,0.067,0.0,0.0,0.241,6.461
AMT_INCOME_TOTAL,6,"[229214.25, 309150.00)",10105,0.08,9401,704,0.07,0.152,0.002,0.0,0.241,7.38
AMT_INCOME_TOTAL,7,"[309150.00, inf)",9135,0.073,8583,552,0.06,0.305,0.006,0.001,0.241,9.013
AMT_INCOME_TOTAL,8,Special,0,0.0,0,0,0.0,0.0,0.0,0.0,0.241,5.747
AMT_INCOME_TOTAL,9,Missing,0,0.0,0,0,0.0,0.0,0.0,0.0,0.241,5.747
AMT_CREDIT,0,"[-inf, 158031.00)",8985,0.071,8472,513,0.057,0.365,0.008,0.001,0.202,9.032
AMT_CREDIT,1,"[158031.00, 278559.00)",24273,0.193,22434,1839,0.076,0.062,0.001,0.0,0.202,6.304
AMT_CREDIT,2,"[278559.00, 337630.50)",9248,0.073,8363,885,0.096,-0.193,0.003,0.0,0.202,4.004
AMT_CREDIT,3,"[337630.50, 406064.25)",6405,0.051,5737,668,0.104,-0.289,0.005,0.001,0.202,3.143
AMT_CREDIT,4,"[406064.25, 452794.50)",6784,0.054,5957,827,0.122,-0.465,0.014,0.002,0.202,1.558
AMT_CREDIT,5,"[452794.50, 669595.50)",23877,0.19,21520,2357,0.099,-0.228,0.011,0.001,0.202,3.694
AMT_CREDIT,6,"[669595.50, 899367.75)",19676,0.156,18222,1454,0.074,0.089,0.001,0.0,0.202,6.547
AMT_CREDIT,7,"[899367.75, 1081161.00)",11227,0.089,10463,764,0.068,0.178,0.003,0.0,0.202,7.346
AMT_CREDIT,8,"[1081161.00, 1345173.75)",8750,0.069,8247,503,0.057,0.358,0.008,0.001,0.202,8.967
AMT_CREDIT,9,"[1345173.75, inf)",6730,0.053,6437,293,0.044,0.65,0.017,0.002,0.202,11.603
AMT_CREDIT,10,Special,0,0.0,0,0,0.0,0.0,0.0,0.0,0.202,5.747
AMT_CREDIT,11,Missing,0,0.0,0,0,0.0,0.0,0.0,0.0,0.202,5.747
AMT_ANNUITY,0,"[-inf, 13502.25)",21812,0.173,20391,1421,0.065,0.224,0.008,0.001,-0.361,2.14
AMT_ANNUITY,1,"[13502.25, 16485.75)",9585,0.076,8856,729,0.076,0.058,0.0,0.0,-0.361,4.819
AMT_ANNUITY,2,"[16485.75, 23940.00)",27986,0.222,25583,2403,0.086,-0.074,0.001,0.0,-0.361,6.941
AMT_ANNUITY,3,"[23940.00, 26493.75)",10803,0.086,9855,948,0.088,-0.098,0.001,0.0,-0.361,7.324
AMT_ANNUITY,4,"[26493.75, 29819.25)",10559,0.084,9557,1002,0.095,-0.184,0.003,0.0,-0.361,8.709
AMT_ANNUITY,5,"[29819.25, 31637.25)",6305,0.05,5569,736,0.117,-0.416,0.01,0.001,-0.361,12.433
AMT_ANNUITY,6,"[31637.25, 35984.25)",10370,0.082,9479,891,0.086,-0.075,0.0,0.0,-0.361,6.953
AMT_ANNUITY,7,"[35984.25, 40385.25)",9103,0.072,8369,734,0.081,-0.006,0.0,0.0,-0.361,5.838
AMT_ANNUITY,8,"[40385.25, 46482.75)",7397,0.059,6833,564,0.076,0.055,0.0,0.0,-0.361,4.862
AMT_ANNUITY,9,"[46482.75, inf)",12030,0.096,11355,675,0.056,0.383,0.012,0.001,-0.361,-0.417
AMT_ANNUITY,10,Special,0,0.0,0,0,0.0,0.0,0.0,0.0,-0.361,5.747
AMT_ANNUITY,11,Missing,5,0.0,5,0,0.0,0.0,0.0,0.0,-0.361,5.747
AMT_GOODS_PRICE,0,"[-inf, 160546.50)",11441,0.091,10702,739,0.065,0.233,0.004,0.001,-0.677,-1.291
AMT_GOODS_PRICE,1,"[160546.50, 206266.50)",7065,0.056,6504,561,0.079,0.011,0.0,0.0,-0.677,5.416
AMT_GOODS_PRICE,2,"[206266.50, 272250.00)",22232,0.177,20333,1899,0.085,-0.069,0.001,0.0,-0.677,7.814
AMT_GOODS_PRICE,3,"[272250.00, 339750.00)",6566,0.052,5931,635,0.097,-0.205,0.002,0.0,-0.677,11.932
AMT_GOODS_PRICE,4,"[339750.00, 432832.50)",6414,0.051,5671,743,0.116,-0.407,0.01,0.001,-0.677,18.02
AMT_GOODS_PRICE,5,"[432832.50, 452250.00)",10895,0.086,9331,1564,0.144,-0.653,0.049,0.006,-0.677,25.447
AMT_GOODS_PRICE,6,"[452250.00, 675681.75)",28353,0.225,26209,2144,0.076,0.064,0.001,0.0,-0.677,3.818
AMT_GOODS_PRICE,7,"[675681.75, 900045.00)",15637,0.124,14690,947,0.061,0.302,0.01,0.001,-0.677,-3.364
AMT_GOODS_PRICE,8,"[900045.00, 1208250.00)",10191,0.081,9624,567,0.056,0.392,0.011,0.001,-0.677,-6.078
AMT_GOODS_PRICE,9,"[1208250.00, inf)",7042,0.056,6745,297,0.042,0.683,0.02,0.002,-0.677,-14.857
AMT_GOODS_PRICE,10,Special,0,0.0,0,0,0.0,0.0,0.0,0.0,-0.677,5.747
AMT_GOODS_PRICE,11,Missing,119,0.001,112,7,0.059,0.333,0.0,0.0,-0.677,-4.297
NAME_INCOME_TYPE,0,['Businessman' 'Student' 'Pensioner'],22639,0.18,21420,1219,0.054,0.427,0.027,0.003,-0.146,2.975
NAME_INCOME_TYPE,1,['State servant'],8979,0.071,8455,524,0.058,0.342,0.007,0.001,-0.146,3.529
NAME_INCOME_TYPE,2,['Commercial associate'],29407,0.233,27192,2215,0.075,0.068,0.001,0.0,-0.146,5.304
NAME_INCOME_TYPE,3,['Working' 'Unemployed' 'Maternity leave'],64930,0.516,58785,6145,0.095,-0.181,0.018,0.002,-0.146,6.923
NAME_INCOME_TYPE,4,Special,0,0.0,0,0,0.0,0.0,0.0,0.0,-0.146,5.747
NAME_INCOME_TYPE,5,Missing,0,0.0,0,0,0.0,0.0,0.0,0.0,-0.146,5.747
NAME_EDUCATION_TYPE,0,['Academic degree' 'Higher education'],30910,0.245,29249,1661,0.054,0.429,0.038,0.005,-0.428,-2.432
NAME_EDUCATION_TYPE,1,['Incomplete higher' 'Secondary / secondary special' 'Lower secondary'],95045,0.755,86603,8442,0.089,-0.111,0.01,0.001,-0.428,7.87
NAME_EDUCATION_TYPE,2,Special,0,0.0,0,0,0.0,0.0,0.0,0.0,-0.428,5.747
NAME_EDUCATION_TYPE,3,Missing,0,0.0,0,0,0.0,0.0,0.0,0.0,-0.428,5.747
NAME_FAMILY_STATUS,0,['Unknown' 'Widow'],6518,0.052,6142,376,0.058,0.354,0.006,0.001,-0.28,1.337
NAME_FAMILY_STATUS,1,['Married'],80617,0.64,74527,6090,0.076,0.065,0.003,0.0,-0.28,4.936
NAME_FAMILY_STATUS,2,['Separated'],8029,0.064,7404,625,0.078,0.033,0.0,0.0,-0.28,5.341
NAME_FAMILY_STATUS,3,['Civil marriage'],12172,0.097,10984,1188,0.098,-0.215,0.005,0.001,-0.28,8.43
NAME_FAMILY_STATUS,4,['Single / not married'],18619,0.148,16795,1824,0.098,-0.219,0.008,0.001,-0.28,8.481
NAME_FAMILY_STATUS,5,Special,0,0.0,0,0,0.0,0.0,0.0,0.0,-0.28,5.747
NAME_FAMILY_STATUS,6,Missing,0,0.0,0,0,0.0,0.0,0.0,0.0,-0.28,5.747
NAME_HOUSING_TYPE,0,"['Office apartment' 'House / apartment' 'Co-op apartment'
 'Municipal apartment']",117853,0.936,108651,9202,0.078,0.029,0.001,0.0,0.183,5.984
NAME_HOUSING_TYPE,1,['With parents' 'Rented apartment'],8102,0.064,7201,901,0.111,-0.361,0.01,0.001,0.183,2.811
NAME_HOUSING_TYPE,2,Special,0,0.0,0,0,0.0,0.0,0.0,0.0,0.183,5.747
NAME_HOUSING_TYPE,3,Missing,0,0.0,0,0,0.0,0.0,0.0,0.0,0.183,5.747
REGION_POPULATION_RELATIVE,0,"[-inf, 0.01)",13479,0.107,12341,1138,0.084,-0.056,0.0,0.0,-0.048,5.866
REGION_POPULATION_RELATIVE,1,"[0.01, 0.01)",29376,0.233,26888,2488,0.085,-0.059,0.001,0.0,-0.048,5.873
REGION_POPULATION_RELATIVE,2,"[0.01, 0.02)",7984,0.063,7293,691,0.087,-0.083,0.0,0.0,-0.048,5.924
REGION_POPULATION_RELATIVE,3,"[0.02, 0.02)",10161,0.081,9108,1053,0.104,-0.282,0.007,0.001,-0.048,6.348
REGION_POPULATION_RELATIVE,4,"[0.02, 0.02)",15775,0.125,14436,1339,0.085,-0.062,0.0,0.0,-0.048,5.878
REGION_POPULATION_RELATIVE,5,"[0.02, 0.03)",21195,0.168,19549,1646,0.078,0.035,0.0,0.0,-0.048,5.672
REGION_POPULATION_RELATIVE,6,"[0.03, 0.03)",9506,0.075,8772,734,0.077,0.041,0.0,0.0,-0.048,5.658
REGION_POPULATION_RELATIVE,7,"[0.03, 0.04)",9462,0.075,8850,612,0.065,0.232,0.004,0.0,-0.048,5.251
REGION_POPULATION_RELATIVE,8,"[0.04, inf)",9017,0.072,8615,402,0.045,0.625,0.022,0.003,-0.048,4.412
REGION_POPULATION_RELATIVE,9,Special,0,0.0,0,0,0.0,0.0,0.0,0.0,-0.048,5.747
REGION_POPULATION_RELATIVE,10,Missing,0,0.0,0,0,0.0,0.0,0.0,0.0,-0.048,5.747
DAYS_BIRTH,0,"[-inf, -23205.50)",6307,0.05,6029,278,0.044,0.637,0.016,0.002,0.173,10.667
DAYS_BIRTH,1,"[-23205.50, -21133.50)",13808,0.11,13104,704,0.051,0.484,0.021,0.003,0.173,9.487
DAYS_BIRTH,2,"[-21133.50, -19578.50)",12376,0.098,11643,733,0.059,0.326,0.009,0.001,0.173,8.262
DAYS_BIRTH,3,"[-19578.50, -18598.50)",7522,0.06,7019,503,0.067,0.196,0.002,0.0,0.173,7.262
DAYS_BIRTH,4,"[-18598.50, -17358.50)",9416,0.075,8746,670,0.071,0.13,0.001,0.0,0.173,6.747
DAYS_BIRTH,5,"[-17358.50, -15360.50)",17195,0.137,15865,1330,0.077,0.039,0.0,0.0,0.173,6.051
DAYS_BIRTH,6,"[-15360.50, -14310.50)",10054,0.08,9251,803,0.08,0.005,0.0,0.0,0.173,5.782
DAYS_BIRTH,7,"[-14310.50, -13561.50)",7451,0.059,6800,651,0.087,-0.093,0.001,0.0,0.173,5.026
DAYS_BIRTH,8,"[-13561.50, -12877.50)",6400,0.051,5811,589,0.092,-0.15,0.001,0.0,0.173,4.585
DAYS_BIRTH,9,"[-12877.50, -11303.50)",13911,0.11,12561,1350,0.097,-0.209,0.005,0.001,0.173,4.133
DAYS_BIRTH,10,"[-11303.50, -10186.50)",9878,0.078,8768,1110,0.112,-0.373,0.013,0.002,0.173,2.869
DAYS_BIRTH,11,"[-10186.50, inf)",11637,0.092,10255,1382,0.119,-0.435,0.021,0.003,0.173,2.386
DAYS_BIRTH,12,Special,0,0.0,0,0,0.0,0.0,0.0,0.0,0.173,5.747
DAYS_BIRTH,13,Missing,0,0.0,0,0,0.0,0.0,0.0,0.0,0.173,5.747
DAYS_EMPLOYED,0,"[-inf, -5053.50)",11857,0.094,11315,542,0.046,0.599,0.026,0.003,-0.353,-3.676
DAYS_EMPLOYED,1,"[-5053.50, -3892.50)",6947,0.055,6543,404,0.058,0.345,0.006,0.001,-0.353,0.317
DAYS_EMPLOYED,2,"[-3892.50, -3101.50)",8087,0.064,7575,512,0.063,0.255,0.004,0.0,-0.353,1.739
DAYS_EMPLOYED,3,"[-3101.50, -2342.50)",11369,0.09,10529,840,0.074,0.089,0.001,0.0,-0.353,4.347
DAYS_EMPLOYED,4,"[-2342.50, -1789.50)",10045,0.08,9244,801,0.08,0.006,0.0,0.0,-0.353,5.646
DAYS_EMPLOYED,5,"[-1789.50, -1477.50)",7577,0.06,6884,693,0.091,-0.144,0.001,0.0,-0.353,8.004
DAYS_EMPLOYED,6,"[-1477.50, -981.50)",14282,0.113,12829,1453,0.102,-0.261,0.009,0.001,-0.353,9.857
DAYS_EMPLOYED,7,"[-981.50, -575.50)",13919,0.111,12400,1519,0.109,-0.34,0.015,0.002,-0.353,11.091
DAYS_EMPLOYED,8,"[-575.50, -388.50)",6836,0.054,6021,815,0.119,-0.44,0.013,0.002,-0.353,12.661
DAYS_EMPLOYED,9,"[-388.50, -1.00)",12406,0.098,11102,1304,0.105,-0.298,0.01,0.001,-0.353,10.43
DAYS_EMPLOYED,10,"[-1.00, inf)",22630,0.18,21410,1220,0.054,0.426,0.027,0.003,-0.353,-0.945
DAYS_EMPLOYED,11,Special,0,0.0,0,0,0.0,0.0,0.0,0.0,-0.353,5.747
DAYS_EMPLOYED,12,Missing,0,0.0,0,0,0.0,0.0,0.0,0.0,-0.353,5.747
DAYS_REGISTRATION,0,"[-inf, -9804.50)",13474,0.107,12760,714,0.053,0.444,0.018,0.002,-0.3,-0.177
DAYS_REGISTRATION,1,"[-9804.50, -8272.50)",11529,0.092,10756,773,0.067,0.193,0.003,0.0,-0.3,3.164
DAYS_REGISTRATION,2,"[-8272.50, -6966.50)",11306,0.09,10490,816,0.072,0.114,0.001,0.0,-0.3,4.221
DAYS_REGISTRATION,3,"[-6966.50, -5732.50)",11517,0.091,10625,892,0.077,0.038,0.0,0.0,-0.3,5.239
DAYS_REGISTRATION,4,"[-5732.50, -4914.50)",9267,0.074,8489,778,0.084,-0.05,0.0,0.0,-0.3,6.41
DAYS_REGISTRATION,5,"[-4914.50, -3487.50)",19136,0.152,17472,1664,0.087,-0.088,0.001,0.0,-0.3,6.923
DAYS_REGISTRATION,6,"[-3487.50, -1180.50)",29047,0.231,26506,2541,0.087,-0.095,0.002,0.0,-0.3,7.01
DAYS_REGISTRATION,7,"[-1180.50, -530.50)",10916,0.087,9954,962,0.088,-0.103,0.001,0.0,-0.3,7.118
DAYS_REGISTRATION,8,"[-530.50, inf)",9763,0.078,8800,963,0.099,-0.227,0.004,0.001,-0.3,8.777
DAYS_REGISTRATION,9,Special,0,0.0,0,0,0.0,0.0,0.0,0.0,-0.3,5.747
DAYS_REGISTRATION,10,Missing,0,0.0,0,0,0.0,0.0,0.0,0.0,-0.3,5.747
DAYS_ID_PUBLISH,0,"[-inf, -4728.50)",12348,0.098,11653,695,0.056,0.38,0.012,0.002,-0.412,-1.222
DAYS_ID_PUBLISH,1,"[-4728.50, -4528.50)",8150,0.065,7651,499,0.061,0.291,0.005,0.001,-0.412,0.419
DAYS_ID_PUBLISH,2,"[-4528.50, -4218.50)",14803,0.118,13884,919,0.062,0.276,0.008,0.001,-0.412,0.69
DAYS_ID_PUBLISH,3,"[-4218.50, -4042.50)",8976,0.071,8349,627,0.07,0.149,0.001,0.0,-0.412,3.005
DAYS_ID_PUBLISH,4,"[-4042.50, -3420.50)",15102,0.12,13948,1154,0.076,0.053,0.0,0.0,-0.412,4.781
DAYS_ID_PUBLISH,5,"[-3420.50, -2889.50)",11337,0.09,10425,912,0.08,-0.003,0.0,0.0,-0.412,5.804
DAYS_ID_PUBLISH,6,"[-2889.50, -2584.50)",6563,0.052,5973,590,0.09,-0.125,0.001,0.0,-0.412,8.032
DAYS_ID_PUBLISH,7,"[-2584.50, -1603.50)",19468,0.155,17713,1755,0.09,-0.128,0.003,0.0,-0.412,8.088
DAYS_ID_PUBLISH,8,"[-1603.50, -873.50)",13866,0.11,12521,1345,0.097,-0.208,0.005,0.001,-0.412,9.57
DAYS_ID_PUBLISH,9,"[-873.50, inf)",15342,0.122,13735,1607,0.105,-0.294,0.012,0.001,-0.412,11.137
DAYS_ID_PUBLISH,10,Special,0,0.0,0,0,0.0,0.0,0.0,0.0,-0.412,5.747
DAYS_ID_PUBLISH,11,Missing,0,0.0,0,0,0.0,0.0,0.0,0.0,-0.412,5.747
OWN_CAR_AGE,0,"[-inf, 6.50)",14445,0.115,13657,788,0.055,0.413,0.016,0.002,-0.479,-3.062
OWN_CAR_AGE,1,"[6.50, 9.50)",7486,0.059,7040,446,0.06,0.32,0.005,0.001,-0.479,-1.069
OWN_CAR_AGE,2,"[9.50, 16.50)",12023,0.095,11036,987,0.082,-0.025,0.0,0.0,-0.479,6.285
OWN_CAR_AGE,3,"[16.50, inf)",8936,0.071,8130,806,0.09,-0.128,0.001,0.0,-0.479,8.482
OWN_CAR_AGE,4,Special,0,0.0,0,0,0.0,0.0,0.0,0.0,-0.479,5.747
OWN_CAR_AGE,5,Missing,83065,0.659,75989,7076,0.085,-0.066,0.003,0.0,-0.479,7.146
FLAG_EMP_PHONE,0,"[-inf, 0.50)",22634,0.18,21413,1221,0.054,0.425,0.027,0.003,0.601,17.117
FLAG_EMP_PHONE,1,"[0.50, inf)",103321,0.82,94439,8882,0.086,-0.076,0.005,0.001,0.601,3.724
FLAG_EMP_PHONE,2,Special,0,0.0,0,0,0.0,0.0,0.0,0.0,0.601,5.747
FLAG_EMP_PHONE,3,Missing,0,0.0,0,0,0.0,0.0,0.0,0.0,0.601,5.747
FLAG_WORK_PHONE,0,"[-inf, 0.50)",100723,0.8,93019,7704,0.076,0.052,0.002,0.0,-0.414,4.795
FLAG_WORK_PHONE,1,"[0.50, inf)",25232,0.2,22833,2399,0.095,-0.186,0.008,0.001,-0.414,9.183
FLAG_WORK_PHONE,2,Special,0,0.0,0,0,0.0,0.0,0.0,0.0,-0.414,5.747
FLAG_WORK_PHONE,3,Missing,0,0.0,0,0,0.0,0.0,0.0,0.0,-0.414,5.747
FLAG_PHONE,0,"[-inf, 0.50)",90536,0.719,82896,7640,0.084,-0.055,0.002,0.0,-0.343,6.591
FLAG_PHONE,1,"[0.50, inf)",35419,0.281,32956,2463,0.07,0.154,0.006,0.001,-0.343,3.388
FLAG_PHONE,2,Special,0,0.0,0,0,0.0,0.0,0.0,0.0,-0.343,5.747
FLAG_PHONE,3,Missing,0,0.0,0,0,0.0,0.0,0.0,0.0,-0.343,5.747
OCCUPATION_TYPE,0,['Accountants' 'HR staff' 'Secretaries' 'Core staff'],16175,0.128,15239,936,0.058,0.351,0.014,0.002,-0.225,2.229
OCCUPATION_TYPE,1,"['High skill tech staff' 'Managers' 'Private service staff'
 'Medicine staff' 'IT staff']",18208,0.145,17026,1182,0.065,0.228,0.007,0.001,-0.225,3.458
OCCUPATION_TYPE,2,['Realty agents' 'Cleaning staff' 'Sales staff'],15469,0.123,13987,1482,0.096,-0.195,0.005,0.001,-0.225,7.701
OCCUPATION_TYPE,3,['Laborers' 'Security staff' 'Cooking staff'],27851,0.221,24929,2922,0.105,-0.296,0.022,0.003,-0.225,8.714
OCCUPATION_TYPE,4,['Drivers' 'Waiters/barmen staff' 'Low-skill Laborers'],9042,0.072,8005,1037,0.115,-0.396,0.013,0.002,-0.225,9.718
OCCUPATION_TYPE,5,Special,0,0.0,0,0,0.0,0.0,0.0,0.0,-0.225,5.747
OCCUPATION_TYPE,6,Missing,39210,0.311,36666,2544,0.065,0.229,0.015,0.002,-0.225,3.452
CNT_FAM_MEMBERS,0,"[-inf, 1.50)",27636,0.219,25359,2277,0.082,-0.029,0.0,0.0,0.247,5.425
CNT_FAM_MEMBERS,1,"[1.50, 2.50)",65016,0.516,60132,4884,0.075,0.071,0.003,0.0,0.247,6.528
CNT_FAM_MEMBERS,2,"[2.50, 3.50)",21641,0.172,19737,1904,0.088,-0.101,0.002,0.0,0.247,4.637
CNT_FAM_MEMBERS,3,"[3.50, inf)",11661,0.093,10623,1038,0.089,-0.114,0.001,0.0,0.247,4.496
CNT_FAM_MEMBERS,4,Special,0,0.0,0,0,0.0,0.0,0.0,0.0,0.247,5.747
CNT_FAM_MEMBERS,5,Missing,1,0.0,1,0,0.0,0.0,0.0,0.0,0.247,5.747
REGION_RATING_CLIENT,0,"[-inf, 1.50)",13229,0.105,12576,653,0.049,0.518,0.023,0.003,0.507,17.447
REGION_RATING_CLIENT,1,"[1.50, 2.50)",92893,0.738,85628,7265,0.078,0.027,0.001,0.0,0.507,6.366
REGION_RATING_CLIENT,2,"[2.50, inf)",19833,0.157,17648,2185,0.11,-0.35,0.022,0.003,0.507,-2.163
REGION_RATING_CLIENT,3,Special,0,0.0,0,0,0.0,0.0,0.0,0.0,0.507,5.747
REGION_RATING_CLIENT,4,Missing,0,0.0,0,0,0.0,0.0,0.0,0.0,0.507,5.747
REGION_RATING_CLIENT_W_CITY,0,"[-inf, 1.50)",14019,0.111,13330,689,0.049,0.523,0.025,0.003,-0.678,-10.049
REGION_RATING_CLIENT_W_CITY,1,"[1.50, 2.50)",93979,0.746,86616,7363,0.078,0.026,0.0,0.0,-0.678,4.975
REGION_RATING_CLIENT_W_CITY,2,"[2.50, inf)",17957,0.143,15906,2051,0.114,-0.391,0.026,0.003,-0.678,17.558
REGION_RATING_CLIENT_W_CITY,3,Special,0,0.0,0,0,0.0,0.0,0.0,0.0,-0.678,5.747
REGION_RATING_CLIENT_W_CITY,4,Missing,0,0.0,0,0,0.0,0.0,0.0,0.0,-0.678,5.747
HOUR_APPR_PROCESS_START,0,"[-inf, 8.50)",15491,0.123,14033,1458,0.094,-0.175,0.004,0.001,-0.196,7.275
HOUR_APPR_PROCESS_START,1,"[8.50, 9.50)",11218,0.089,10276,942,0.084,-0.05,0.0,0.0,-0.196,6.182
HOUR_APPR_PROCESS_START,2,"[9.50, 12.50)",44715,0.355,41064,3651,0.082,-0.019,0.0,0.0,-0.196,5.915
HOUR_APPR_PROCESS_START,3,"[12.50, 14.50)",23867,0.189,22011,1856,0.078,0.034,0.0,0.0,-0.196,5.453
HOUR_APPR_PROCESS_START,4,"[14.50, 16.50)",18505,0.147,17129,1376,0.074,0.082,0.001,0.0,-0.196,5.03
HOUR_APPR_PROCESS_START,5,"[16.50, inf)",12159,0.097,11339,820,0.067,0.187,0.003,0.0,-0.196,4.113
HOUR_APPR_PROCESS_START,6,Special,0,0.0,0,0,0.0,0.0,0.0,0.0,-0.196,5.747
HOUR_APPR_PROCESS_START,7,Missing,0,0.0,0,0,0.0,0.0,0.0,0.0,-0.196,5.747
REG_CITY_NOT_LIVE_CITY,0,"[-inf, 0.50)",116109,0.922,107208,8901,0.077,0.049,0.002,0.0,-0.289,5.115
REG_CITY_NOT_LIVE_CITY,1,"[0.50, inf)",9846,0.078,8644,1202,0.122,-0.467,0.021,0.003,-0.289,11.748
REG_CITY_NOT_LIVE_CITY,2,Special,0,0.0,0,0,0.0,0.0,0.0,0.0,-0.289,5.747
REG_CITY_NOT_LIVE_CITY,3,Missing,0,0.0,0,0,0.0,0.0,0.0,0.0,-0.289,5.747
REG_CITY_NOT_WORK_CITY,0,"[-inf, 0.50)",96905,0.769,89888,7017,0.072,0.111,0.009,0.001,0.216,6.814
REG_CITY_NOT_WORK_CITY,1,"[0.50, inf)",29050,0.231,25964,3086,0.106,-0.31,0.025,0.003,0.216,2.763
REG_CITY_NOT_WORK_CITY,2,Special,0,0.0,0,0,0.0,0.0,0.0,0.0,0.216,5.747
REG_CITY_NOT_WORK_CITY,3,Missing,0,0.0,0,0,0.0,0.0,0.0,0.0,0.216,5.747
LIVE_CITY_NOT_WORK_CITY,0,"[-inf, 0.50)",103304,0.82,95474,7830,0.076,0.061,0.003,0.0,-0.229,5.119
LIVE_CITY_NOT_WORK_CITY,1,"[0.50, inf)",22651,0.18,20378,2273,0.1,-0.246,0.012,0.002,-0.229,8.26
LIVE_CITY_NOT_WORK_CITY,2,Special,0,0.0,0,0,0.0,0.0,0.0,0.0,-0.229,5.747
LIVE_CITY_NOT_WORK_CITY,3,Missing,0,0.0,0,0,0.0,0.0,0.0,0.0,-0.229,5.747
ORGANIZATION_TYPE,0,"['Trade: type 4' 'Transport: type 1' 'Industry: type 12'
 'Security Ministries' 'Industry: type 10' 'Trade: type 5' 'Police'
 'Electricity' 'Bank' 'XNA']",26135,0.207,24749,1386,0.053,0.443,0.034,0.004,-0.57,-5.504
ORGANIZATION_TYPE,1,"['School' 'Trade: type 6' 'Military' 'Hotel' 'Culture' 'Telecom'
 'Industry: type 9']",7154,0.057,6750,404,0.056,0.376,0.007,0.001,-0.57,-3.815
ORGANIZATION_TYPE,2,"['University' 'Services' 'Government' 'Emergency' 'Industry: type 4'
 'Legal Services' 'Insurance' 'Trade: type 2' 'Medicine']",11854,0.094,11068,786,0.066,0.205,0.004,0.0,-0.57,0.529
ORGANIZATION_TYPE,3,['Industry: type 7' 'Other' 'Kindergarten' 'Housing'],11451,0.091,10604,847,0.074,0.088,0.001,0.0,-0.57,3.516
ORGANIZATION_TYPE,4,"['Industry: type 2' 'Industry: type 5' 'Industry: type 8' 'Trade: type 1'
 'Transport: type 2' 'Business Entity Type 2' 'Business Entity Type 1'
 'Trade: type 3']",9820,0.078,8966,854,0.087,-0.088,0.001,0.0,-0.57,7.987
ORGANIZATION_TYPE,5,"['Postal' 'Transport: type 4' 'Advertising' 'Security' 'Industry: type 11'
 'Business Entity Type 3']",33376,0.265,30264,3112,0.093,-0.165,0.008,0.001,-0.57,9.933
ORGANIZATION_TYPE,6,['Trade: type 7' 'Self-employed'],18877,0.15,17001,1876,0.099,-0.235,0.009,0.001,-0.57,11.725
ORGANIZATION_TYPE,7,"['Agriculture' 'Mobile' 'Construction' 'Industry: type 3' 'Cleaning'
 'Restaurant' 'Realtor' 'Industry: type 6' 'Industry: type 1'
 'Industry: type 13' 'Religion' 'Transport: type 3']",7288,0.058,6450,838,0.115,-0.399,0.011,0.001,-0.57,15.874
ORGANIZATION_TYPE,8,Special,0,0.0,0,0,0.0,0.0,0.0,0.0,-0.57,5.747
ORGANIZATION_TYPE,9,Missing,0,0.0,0,0,0.0,0.0,0.0,0.0,-0.57,5.747
EXT_SOURCE_1,0,"[-inf, 0.27)",8924,0.071,7566,1358,0.152,-0.722,0.05,0.006,-0.454,20.349
EXT_SOURCE_1,1,"[0.27, 0.42)",12115,0.096,11011,1104,0.091,-0.14,0.002,0.0,-0.454,8.569
EXT_SOURCE_1,2,"[0.42, 0.55)",10025,0.08,9370,655,0.065,0.221,0.004,0.0,-0.454,1.273
EXT_SOURCE_1,3,"[0.55, 0.68)",11107,0.088,10528,579,0.052,0.461,0.015,0.002,-0.454,-3.579
EXT_SOURCE_1,4,"[0.68, 0.77)",6374,0.051,6166,208,0.033,0.95,0.031,0.004,-0.454,-13.467
EXT_SOURCE_1,5,"[0.77, inf)",6574,0.052,6398,176,0.027,1.154,0.044,0.005,-0.454,-17.593
EXT_SOURCE_1,6,Special,0,0.0,0,0,0.0,0.0,0.0,0.0,-0.454,5.747
EXT_SOURCE_1,7,Missing,70836,0.562,64813,6023,0.085,-0.064,0.002,0.0,-0.454,7.032
EXT_SOURCE_2,0,"[-inf, 0.14)",6883,0.055,5390,1493,0.217,-1.156,0.117,0.014,-0.724,43.044
EXT_SOURCE_2,1,"[0.14, 0.25)",8466,0.067,7285,1181,0.139,-0.62,0.033,0.004,-0.724,25.756
EXT_SOURCE_2,2,"[0.25, 0.32)",7653,0.061,6775,878,0.115,-0.396,0.011,0.001,-0.724,18.531
EXT_SOURCE_2,3,"[0.32, 0.40)",8741,0.069,7792,949,0.109,-0.334,0.009,0.001,-0.724,16.527
EXT_SOURCE_2,4,"[0.40, 0.45)",7547,0.06,6845,702,0.093,-0.162,0.002,0.0,-0.724,10.979
EXT_SOURCE_2,5,"[0.45, 0.49)",6301,0.05,5755,546,0.087,-0.084,0.0,0.0,-0.724,8.466
EXT_SOURCE_2,6,"[0.49, 0.55)",13610,0.108,12588,1022,0.075,0.072,0.001,0.0,-0.724,3.439
EXT_SOURCE_2,7,"[0.55, 0.60)",13598,0.108,12671,927,0.068,0.176,0.003,0.0,-0.724,0.078
EXT_SOURCE_2,8,"[0.60, 0.63)",8205,0.065,7699,506,0.062,0.283,0.005,0.001,-0.724,-3.381
EXT_SOURCE_2,9,"[0.63, 0.65)",7967,0.063,7512,455,0.057,0.364,0.007,0.001,-0.724,-6.016
EXT_SOURCE_2,10,"[0.65, 0.67)",6302,0.05,5993,309,0.049,0.526,0.011,0.001,-0.724,-11.213
EXT_SOURCE_2,11,"[0.67, 0.70)",12829,0.102,12245,584,0.046,0.603,0.029,0.004,-0.724,-13.73
EXT_SOURCE_2,12,"[0.70, 0.74)",10535,0.084,10186,349,0.033,0.934,0.05,0.006,-0.724,-24.403
EXT_SOURCE_2,13,"[0.74, inf)",7035,0.056,6853,182,0.026,1.189,0.049,0.006,-0.724,-32.624
EXT_SOURCE_2,14,Special,0,0.0,0,0,0.0,0.0,0.0,0.0,-0.724,5.747
EXT_SOURCE_2,15,Missing,283,0.002,263,20,0.071,0.137,0.0,0.0,-0.724,1.327
EXT_SOURCE_3,0,"[-inf, 0.18)",6355,0.05,4939,1416,0.223,-1.19,0.116,0.014,-0.832,49.854
EXT_SOURCE_3,1,"[0.18, 0.26)",6519,0.052,5478,1041,0.16,-0.779,0.043,0.005,-0.832,34.614
EXT_SOURCE_3,2,"[0.26, 0.34)",8000,0.064,7046,954,0.119,-0.44,0.015,0.002,-0.832,22.051
EXT_SOURCE_3,3,"[0.34, 0.39)",6679,0.053,6041,638,0.096,-0.191,0.002,0.0,-0.832,12.843
EXT_SOURCE_3,4,"[0.39, 0.44)",6489,0.052,5914,575,0.089,-0.109,0.001,0.0,-0.832,9.778
EXT_SOURCE_3,5,"[0.44, 0.50)",10623,0.084,9878,745,0.07,0.145,0.002,0.0,-0.832,0.365
EXT_SOURCE_3,6,"[0.50, 0.55)",7203,0.057,6808,395,0.055,0.407,0.008,0.001,-0.832,-9.355
EXT_SOURCE_3,7,"[0.55, 0.61)",12825,0.102,12162,663,0.052,0.47,0.018,0.002,-0.832,-11.665
EXT_SOURCE_3,8,"[0.61, 0.67)",10661,0.085,10163,498,0.047,0.576,0.022,0.003,-0.832,-15.616
EXT_SOURCE_3,9,"[0.67, 0.71)",9563,0.076,9186,377,0.039,0.754,0.032,0.004,-0.832,-22.186
EXT_SOURCE_3,10,"[0.71, 0.76)",7063,0.056,6830,233,0.033,0.939,0.034,0.004,-0.832,-29.037
EXT_SOURCE_3,11,"[0.76, inf)",9143,0.073,8870,273,0.03,1.041,0.052,0.006,-0.832,-32.851
EXT_SOURCE_3,12,Special,0,0.0,0,0,0.0,0.0,0.0,0.0,-0.832,5.747
EXT_SOURCE_3,13,Missing,24832,0.197,22537,2295,0.092,-0.155,0.005,0.001,-0.832,11.493
APARTMENTS_AVG,0,"[-inf, 0.02)",7479,0.059,6799,680,0.091,-0.137,0.001,0.0,-0.134,6.565
APARTMENTS_AVG,1,"[0.02, 0.05)",6482,0.051,5954,528,0.081,-0.017,0.0,0.0,-0.134,5.847
APARTMENTS_AVG,2,"[0.05, 0.10)",20262,0.161,18945,1317,0.065,0.227,0.008,0.001,-0.134,4.392
APARTMENTS_AVG,3,"[0.10, 0.17)",16003,0.127,14986,1017,0.064,0.251,0.007,0.001,-0.134,4.248
APARTMENTS_AVG,4,"[0.17, inf)",11733,0.093,11065,668,0.057,0.368,0.011,0.001,-0.134,3.55
APARTMENTS_AVG,5,Special,0,0.0,0,0,0.0,0.0,0.0,0.0,-0.134,5.747
APARTMENTS_AVG,6,Missing,63996,0.508,58103,5893,0.092,-0.151,0.012,0.002,-0.134,6.649
BASEMENTAREA_AVG,0,"[-inf, 0.00)",6448,0.051,6010,438,0.068,0.179,0.002,0.0,-0.643,0.607
BASEMENTAREA_AVG,1,"[0.00, 0.05)",7405,0.059,6848,557,0.075,0.07,0.0,0.0,-0.643,3.752
BASEMENTAREA_AVG,2,"[0.05, 0.09)",18114,0.144,16862,1252,0.069,0.161,0.003,0.0,-0.643,1.141
BASEMENTAREA_AVG,3,"[0.09, 0.14)",12427,0.099,11628,799,0.064,0.238,0.005,0.001,-0.643,-1.078
BASEMENTAREA_AVG,4,"[0.14, inf)",7765,0.062,7327,438,0.056,0.378,0.008,0.001,-0.643,-5.067
BASEMENTAREA_AVG,5,Special,0,0.0,0,0,0.0,0.0,0.0,0.0,-0.643,5.747
BASEMENTAREA_AVG,6,Missing,73796,0.586,67177,6619,0.09,-0.122,0.009,0.001,-0.643,9.243
YEARS_BEGINEXPLUATATION_AVG,0,"[-inf, 0.97)",8413,0.067,7724,689,0.082,-0.023,0.0,0.0,-0.134,5.882
YEARS_BEGINEXPLUATATION_AVG,1,"[0.97, 0.98)",8187,0.065,7557,630,0.077,0.045,0.0,0.0,-0.134,5.477
YEARS_BEGINEXPLUATATION_AVG,2,"[0.98, 0.98)",20375,0.162,18989,1386,0.068,0.178,0.005,0.001,-0.134,4.683
YEARS_BEGINEXPLUATATION_AVG,3,"[0.98, 0.99)",18487,0.147,17252,1235,0.067,0.197,0.005,0.001,-0.134,4.567
YEARS_BEGINEXPLUATATION_AVG,4,"[0.99, inf)",9024,0.072,8555,469,0.052,0.464,0.013,0.002,-0.134,2.972
YEARS_BEGINEXPLUATATION_AVG,5,Special,0,0.0,0,0,0.0,0.0,0.0,0.0,-0.134,5.747
YEARS_BEGINEXPLUATATION_AVG,6,Missing,61469,0.488,55775,5694,0.093,-0.158,0.013,0.002,-0.134,6.688
YEARS_BUILD_AVG,0,"[-inf, 0.68)",9867,0.078,9122,745,0.076,0.066,0.0,0.0,0.046,5.88
YEARS_BUILD_AVG,1,"[0.68, 0.85)",25539,0.203,23858,1681,0.066,0.213,0.008,0.001,0.046,6.181
YEARS_BUILD_AVG,2,"[0.85, inf)",6719,0.053,6368,351,0.052,0.459,0.009,0.001,0.046,6.681
YEARS_BUILD_AVG,3,Special,0,0.0,0,0,0.0,0.0,0.0,0.0,0.046,5.747
YEARS_BUILD_AVG,4,Missing,83830,0.666,76504,7326,0.087,-0.094,0.006,0.001,0.046,5.556
COMMONAREA_AVG,0,"[-inf, 0.01)",14294,0.113,13256,1038,0.073,0.108,0.001,0.0,-0.034,5.584
COMMONAREA_AVG,1,"[0.01, 0.03)",9416,0.075,8813,603,0.064,0.243,0.004,0.0,-0.034,5.38
COMMONAREA_AVG,2,"[0.03, 0.06)",6461,0.051,6081,380,0.059,0.333,0.005,0.001,-0.034,5.243
COMMONAREA_AVG,3,"[0.06, inf)",7791,0.062,7297,494,0.063,0.253,0.004,0.0,-0.034,5.364
COMMONAREA_AVG,4,Special,0,0.0,0,0,0.0,0.0,0.0,0.0,-0.034,5.747
COMMONAREA_AVG,5,Missing,87993,0.699,80405,7588,0.086,-0.079,0.005,0.001,-0.034,5.866
ELEVATORS_AVG,0,"[-inf, 0.05)",37500,0.298,34707,2793,0.074,0.08,0.002,0.0,0.294,6.797
ELEVATORS_AVG,1,"[0.05, 0.21)",13212,0.105,12466,746,0.056,0.377,0.013,0.002,0.294,10.671
ELEVATORS_AVG,2,"[0.21, inf)",8038,0.064,7628,410,0.051,0.484,0.012,0.002,0.294,12.076
ELEVATORS_AVG,3,Special,0,0.0,0,0,0.0,0.0,0.0,0.0,0.294,5.747
ELEVATORS_AVG,4,Missing,67205,0.534,61051,6154,0.092,-0.145,0.012,0.001,0.294,3.852
ENTRANCES_AVG,0,"[-inf, 0.08)",16635,0.132,15341,1294,0.078,0.033,0.0,0.0,0.078,5.862
ENTRANCES_AVG,1,"[0.08, 0.10)",8865,0.07,8252,613,0.069,0.16,0.002,0.0,0.078,6.304
ENTRANCES_AVG,2,"[0.10, 0.22)",27888,0.221,26102,1786,0.064,0.243,0.012,0.001,0.078,6.59
ENTRANCES_AVG,3,"[0.22, inf)",9103,0.072,8556,547,0.06,0.31,0.006,0.001,0.078,6.826
ENTRANCES_AVG,4,Special,0,0.0,0,0,0.0,0.0,0.0,0.0,0.078,5.747
ENTRANCES_AVG,5,Missing,63464,0.504,57601,5863,0.092,-0.155,0.013,0.002,0.078,5.209
FLOORSMAX_AVG,0,"[-inf, 0.16)",13464,0.107,12292,1172,0.087,-0.089,0.001,0.0,0.11,5.307
FLOORSMAX_AVG,1,"[0.16, 0.28)",27575,0.219,25659,1916,0.069,0.155,0.005,0.001,0.11,6.51
FLOORSMAX_AVG,2,"[0.28, 0.34)",13579,0.108,12787,792,0.058,0.342,0.011,0.001,0.11,7.43
FLOORSMAX_AVG,3,"[0.34, inf)",8591,0.068,8163,428,0.05,0.509,0.014,0.002,0.11,8.251
FLOORSMAX_AVG,4,Special,0,0.0,0,0,0.0,0.0,0.0,0.0,0.11,5.747
FLOORSMAX_AVG,5,Missing,62746,0.498,56951,5795,0.092,-0.154,0.013,0.002,0.11,4.987
FLOORSMIN_AVG,0,"[-inf, 0.19)",13609,0.108,12578,1031,0.076,0.062,0.0,0.0,-0.577,4.153
FLOORSMIN_AVG,1,"[0.19, 0.26)",13856,0.11,12898,958,0.069,0.16,0.003,0.0,-0.577,1.618
FLOORSMIN_AVG,2,"[0.26, inf)",12973,0.103,12288,685,0.053,0.447,0.017,0.002,-0.577,-5.764
FLOORSMIN_AVG,3,Special,0,0.0,0,0,0.0,0.0,0.0,0.0,-0.577,5.747
FLOORSMIN_AVG,4,Missing,85517,0.679,78088,7429,0.087,-0.087,0.005,0.001,-0.577,7.985
LANDAREA_AVG,0,"[-inf, 0.00)",6519,0.052,6080,439,0.067,0.189,0.002,0.0,0.775,12.265
LANDAREA_AVG,1,"[0.00, 0.02)",8903,0.071,8211,692,0.078,0.034,0.0,0.0,0.775,6.926
LANDAREA_AVG,2,"[0.02, 0.04)",6452,0.051,5985,467,0.072,0.111,0.001,0.0,0.775,9.586
LANDAREA_AVG,3,"[0.04, 0.06)",9020,0.072,8403,617,0.068,0.172,0.002,0.0,0.775,11.685
LANDAREA_AVG,4,"[0.06, 0.12)",13165,0.105,12328,837,0.064,0.25,0.006,0.001,0.775,14.39
LANDAREA_AVG,5,"[0.12, inf)",7069,0.056,6651,418,0.059,0.328,0.005,0.001,0.775,17.057
LANDAREA_AVG,6,Special,0,0.0,0,0,0.0,0.0,0.0,0.0,0.775,5.747
LANDAREA_AVG,7,Missing,74827,0.594,68194,6633,0.089,-0.109,0.007,0.001,0.775,1.977
LIVINGAPARTMENTS_AVG,0,"[-inf, 0.05)",8594,0.068,7897,697,0.081,-0.012,0.0,0.0,-0.65,6.095
LIVINGAPARTMENTS_AVG,1,"[0.05, 0.09)",14561,0.116,13626,935,0.064,0.24,0.006,0.001,-0.65,-1.199
LIVINGAPARTMENTS_AVG,2,"[0.09, 0.13)",7318,0.058,6904,414,0.057,0.375,0.007,0.001,-0.65,-5.105
LIVINGAPARTMENTS_AVG,3,"[0.13, inf)",9341,0.074,8765,576,0.062,0.283,0.005,0.001,-0.65,-2.452
LIVINGAPARTMENTS_AVG,4,Special,0,0.0,0,0,0.0,0.0,0.0,0.0,-0.65,5.747
LIVINGAPARTMENTS_AVG,5,Missing,86141,0.684,78660,7481,0.087,-0.087,0.005,0.001,-0.65,8.259
LIVINGAREA_AVG,0,"[-inf, 0.03)",9864,0.078,8969,895,0.091,-0.135,0.002,0.0,0.291,3.996
LIVINGAREA_AVG,1,"[0.03, 0.05)",7577,0.06,7013,564,0.074,0.081,0.0,0.0,0.291,6.798
LIVINGAREA_AVG,2,"[0.05, 0.06)",7384,0.059,6872,512,0.069,0.157,0.001,0.0,0.291,7.79
LIVINGAREA_AVG,3,"[0.06, 0.09)",13106,0.104,12213,893,0.068,0.176,0.003,0.0,0.291,8.034
LIVINGAREA_AVG,4,"[0.09, 0.13)",9521,0.076,8925,596,0.063,0.267,0.005,0.001,0.291,9.212
LIVINGAREA_AVG,5,"[0.13, inf)",15247,0.121,14416,831,0.055,0.414,0.017,0.002,0.291,11.122
LIVINGAREA_AVG,6,Special,0,0.0,0,0,0.0,0.0,0.0,0.0,0.291,5.747
LIVINGAREA_AVG,7,Missing,63256,0.502,57444,5812,0.092,-0.149,0.012,0.001,0.291,3.817
NONLIVINGAPARTMENTS_AVG,0,"[-inf, 0.00)",23112,0.183,21610,1502,0.065,0.227,0.009,0.001,-0.223,3.488
NONLIVINGAPARTMENTS_AVG,1,"[0.00, 0.01)",8993,0.071,8359,634,0.07,0.14,0.001,0.0,-0.223,4.357
NONLIVINGAPARTMENTS_AVG,2,"[0.01, inf)",6377,0.051,5978,399,0.063,0.267,0.003,0.0,-0.223,3.085
NONLIVINGAPARTMENTS_AVG,3,Special,0,0.0,0,0,0.0,0.0,0.0,0.0,-0.223,5.747
NONLIVINGAPARTMENTS_AVG,4,Missing,87473,0.694,79905,7568,0.087,-0.083,0.005,0.001,-0.223,6.568
NONLIVINGAREA_AVG,0,"[-inf, 0.02)",39800,0.316,37120,2680,0.067,0.189,0.01,0.001,-0.532,1.273
NONLIVINGAREA_AVG,1,"[0.02, 0.06)",8614,0.068,7978,636,0.074,0.09,0.001,0.0,-0.532,3.62
NONLIVINGAREA_AVG,2,"[0.06, inf)",7945,0.063,7479,466,0.059,0.336,0.006,0.001,-0.532,-2.216
NONLIVINGAREA_AVG,3,Special,0,0.0,0,0,0.0,0.0,0.0,0.0,-0.532,5.747
NONLIVINGAREA_AVG,4,Missing,69596,0.553,63275,6321,0.091,-0.136,0.011,0.001,-0.532,8.965
APARTMENTS_MODE,0,"[-inf, 0.02)",8607,0.068,7838,769,0.089,-0.118,0.001,0.0,0.41,3.595
APARTMENTS_MODE,1,"[0.02, 0.05)",6633,0.053,6120,513,0.077,0.04,0.0,0.0,0.41,6.469
APARTMENTS_MODE,2,"[0.05, 0.10)",20932,0.166,19563,1369,0.065,0.22,0.007,0.001,0.41,9.765
APARTMENTS_MODE,3,"[0.10, 0.14)",9786,0.078,9166,620,0.063,0.254,0.005,0.001,0.41,10.385
APARTMENTS_MODE,4,"[0.14, 0.23)",9692,0.077,9104,588,0.061,0.3,0.006,0.001,0.41,11.229
APARTMENTS_MODE,5,"[0.23, inf)",6309,0.05,5958,351,0.056,0.392,0.007,0.001,0.41,12.908
APARTMENTS_MODE,6,Special,0,0.0,0,0,0.0,0.0,0.0,0.0,0.41,5.747
APARTMENTS_MODE,7,Missing,63996,0.508,58103,5893,0.092,-0.151,0.012,0.002,0.41,2.989
BASEMENTAREA_MODE,0,"[-inf, 0.00)",7211,0.057,6727,484,0.067,0.192,0.002,0.0,-0.698,-0.235
BASEMENTAREA_MODE,1,"[0.00, 0.05)",8227,0.065,7619,608,0.074,0.089,0.0,0.0,-0.698,2.986
BASEMENTAREA_MODE,2,"[0.05, 0.09)",18006,0.143,16775,1231,0.068,0.173,0.004,0.0,-0.698,0.379
BASEMENTAREA_MODE,3,"[0.09, 0.15)",11500,0.091,10752,748,0.065,0.226,0.004,0.001,-0.698,-1.281
BASEMENTAREA_MODE,4,"[0.15, inf)",7215,0.057,6802,413,0.057,0.362,0.006,0.001,-0.698,-5.514
BASEMENTAREA_MODE,5,Special,0,0.0,0,0,0.0,0.0,0.0,0.0,-0.698,5.747
BASEMENTAREA_MODE,6,Missing,73796,0.586,67177,6619,0.09,-0.122,0.009,0.001,-0.698,9.544
YEARS_BEGINEXPLUATATION_MODE,0,"[-inf, 0.97)",8822,0.07,8101,721,0.082,-0.02,0.0,0.0,-0.35,6.064
YEARS_BEGINEXPLUATATION_MODE,1,"[0.97, 0.98)",8493,0.067,7843,650,0.077,0.051,0.0,0.0,-0.35,4.952
YEARS_BEGINEXPLUATATION_MODE,2,"[0.98, 0.98)",20387,0.162,19003,1384,0.068,0.18,0.005,0.001,-0.35,2.937
YEARS_BEGINEXPLUATATION_MODE,3,"[0.98, 0.99)",16065,0.128,14984,1081,0.067,0.19,0.004,0.001,-0.35,2.79
YEARS_BEGINEXPLUATATION_MODE,4,"[0.99, inf)",10719,0.085,10146,573,0.053,0.434,0.013,0.002,-0.35,-1.029
YEARS_BEGINEXPLUATATION_MODE,5,Special,0,0.0,0,0,0.0,0.0,0.0,0.0,-0.35,5.747
YEARS_BEGINEXPLUATATION_MODE,6,Missing,61469,0.488,55775,5694,0.093,-0.158,0.013,0.002,-0.35,8.204
YEARS_BUILD_MODE,0,"[-inf, 0.70)",10267,0.082,9497,770,0.075,0.073,0.0,0.0,0.255,6.574
YEARS_BUILD_MODE,1,"[0.70, 0.85)",25378,0.201,23709,1669,0.066,0.214,0.008,0.001,0.255,8.18
YEARS_BUILD_MODE,2,"[0.85, inf)",6480,0.051,6142,338,0.052,0.46,0.009,0.001,0.255,10.978
YEARS_BUILD_MODE,3,Special,0,0.0,0,0,0.0,0.0,0.0,0.0,0.255,5.747
YEARS_BUILD_MODE,4,Missing,83830,0.666,76504,7326,0.087,-0.094,0.006,0.001,0.255,4.683
COMMONAREA_MODE,0,"[-inf, 0.02)",17560,0.139,16317,1243,0.071,0.135,0.002,0.0,-0.474,2.89
COMMONAREA_MODE,1,"[0.02, 0.03)",6751,0.054,6310,441,0.065,0.221,0.002,0.0,-0.474,1.07
COMMONAREA_MODE,2,"[0.03, 0.06)",6345,0.05,5981,364,0.057,0.36,0.006,0.001,-0.474,-1.853
COMMONAREA_MODE,3,"[0.06, inf)",7306,0.058,6839,467,0.064,0.245,0.003,0.0,-0.474,0.579
COMMONAREA_MODE,4,Special,0,0.0,0,0,0.0,0.0,0.0,0.0,-0.474,5.747
COMMONAREA_MODE,5,Missing,87993,0.699,80405,7588,0.086,-0.079,0.005,0.001,-0.474,7.415
ELEVATORS_MODE,0,"[-inf, 0.06)",38580,0.306,35721,2859,0.074,0.086,0.002,0.0,-0.122,5.28
ELEVATORS_MODE,1,"[0.06, 0.22)",12747,0.101,12040,707,0.055,0.395,0.013,0.002,-0.122,3.596
ELEVATORS_MODE,2,"[0.22, inf)",7423,0.059,7040,383,0.052,0.472,0.011,0.001,-0.122,3.181
ELEVATORS_MODE,3,Special,0,0.0,0,0,0.0,0.0,0.0,0.0,-0.122,5.747
ELEVATORS_MODE,4,Missing,67205,0.534,61051,6154,0.092,-0.145,0.012,0.001,-0.122,6.534
ENTRANCES_MODE,0,"[-inf, 0.09)",19162,0.152,17709,1453,0.076,0.061,0.001,0.0,-0.171,5.283
ENTRANCES_MODE,1,"[0.09, 0.12)",8325,0.066,7773,552,0.066,0.205,0.003,0.0,-0.171,4.186
ENTRANCES_MODE,2,"[0.12, 0.16)",14774,0.117,13801,973,0.066,0.213,0.005,0.001,-0.171,4.131
ENTRANCES_MODE,3,"[0.16, 0.26)",13334,0.106,12515,819,0.061,0.287,0.008,0.001,-0.171,3.565
ENTRANCES_MODE,4,"[0.26, inf)",6896,0.055,6453,443,0.064,0.239,0.003,0.0,-0.171,3.928
ENTRANCES_MODE,5,Special,0,0.0,0,0,0.0,0.0,0.0,0.0,-0.171,5.747
ENTRANCES_MODE,6,Missing,63464,0.504,57601,5863,0.092,-0.155,0.013,0.002,-0.171,6.921
FLOORSMAX_MODE,0,"[-inf, 0.15)",13555,0.108,12377,1178,0.087,-0.087,0.001,0.0,-0.361,7.155
FLOORSMAX_MODE,1,"[0.15, 0.27)",27595,0.219,25689,1906,0.069,0.162,0.005,0.001,-0.361,3.145
FLOORSMAX_MODE,2,"[0.27, 0.35)",14324,0.114,13475,849,0.059,0.325,0.01,0.001,-0.361,0.513
FLOORSMAX_MODE,3,"[0.35, inf)",7735,0.061,7360,375,0.048,0.537,0.014,0.002,-0.361,-2.906
FLOORSMAX_MODE,4,Special,0,0.0,0,0,0.0,0.0,0.0,0.0,-0.361,5.747
FLOORSMAX_MODE,5,Missing,62746,0.498,56951,5795,0.092,-0.154,0.013,0.002,-0.361,8.231
FLOORSMIN_MODE,0,"[-inf, 0.19)",13783,0.109,12742,1041,0.076,0.065,0.0,0.0,-0.257,5.001
FLOORSMIN_MODE,1,"[0.19, 0.27)",14297,0.114,13313,984,0.069,0.165,0.003,0.0,-0.257,3.856
FLOORSMIN_MODE,2,"[0.27, inf)",12358,0.098,11709,649,0.053,0.453,0.017,0.002,-0.257,0.567
FLOORSMIN_MODE,3,Special,0,0.0,0,0,0.0,0.0,0.0,0.0,-0.257,5.747
FLOORSMIN_MODE,4,Missing,85517,0.679,78088,7429,0.087,-0.087,0.005,0.001,-0.257,6.741
LANDAREA_MODE,0,"[-inf, 0.00)",7256,0.058,6772,484,0.067,0.199,0.002,0.0,-0.144,4.47
LANDAREA_MODE,1,"[0.00, 0.02)",7606,0.06,7010,596,0.078,0.025,0.0,0.0,-0.144,5.584
LANDAREA_MODE,2,"[0.02, 0.04)",8395,0.067,7781,614,0.073,0.1,0.001,0.0,-0.144,5.105
LANDAREA_MODE,3,"[0.04, 0.06)",8817,0.07,8214,603,0.068,0.172,0.002,0.0,-0.144,4.642
LANDAREA_MODE,4,"[0.06, 0.12)",12314,0.098,11540,774,0.063,0.263,0.006,0.001,-0.144,4.062
LANDAREA_MODE,5,"[0.12, inf)",6740,0.054,6341,399,0.059,0.326,0.005,0.001,-0.144,3.652
LANDAREA_MODE,6,Special,0,0.0,0,0,0.0,0.0,0.0,0.0,-0.144,5.747
LANDAREA_MODE,7,Missing,74827,0.594,68194,6633,0.089,-0.109,0.007,0.001,-0.144,6.447
LIVINGAPARTMENTS_MODE,0,"[-inf, 0.05)",9252,0.073,8527,725,0.078,0.025,0.0,0.0,0.945,6.813
LIVINGAPARTMENTS_MODE,1,"[0.05, 0.10)",15053,0.12,14071,982,0.065,0.223,0.005,0.001,0.945,15.12
LIVINGAPARTMENTS_MODE,2,"[0.10, 0.13)",6626,0.053,6255,371,0.056,0.385,0.007,0.001,0.945,21.964
LIVINGAPARTMENTS_MODE,3,"[0.13, inf)",8883,0.071,8339,544,0.061,0.29,0.005,0.001,0.945,17.959
LIVINGAPARTMENTS_MODE,4,Special,0,0.0,0,0,0.0,0.0,0.0,0.0,0.945,5.747
LIVINGAPARTMENTS_MODE,5,Missing,86141,0.684,78660,7481,0.087,-0.087,0.005,0.001,0.945,2.098
LIVINGAREA_MODE,0,"[-inf, 0.03)",10809,0.086,9852,957,0.089,-0.108,0.001,0.0,0.013,5.684
LIVINGAREA_MODE,1,"[0.03, 0.07)",18665,0.148,17324,1341,0.072,0.119,0.002,0.0,0.013,5.816
LIVINGAREA_MODE,2,"[0.07, 0.11)",15117,0.12,14137,980,0.065,0.23,0.006,0.001,0.013,5.88
LIVINGAREA_MODE,3,"[0.11, inf)",18108,0.144,17095,1013,0.056,0.386,0.018,0.002,0.013,5.971
LIVINGAREA_MODE,4,Special,0,0.0,0,0,0.0,0.0,0.0,0.0,0.013,5.747
LIVINGAREA_MODE,5,Missing,63256,0.502,57444,5812,0.092,-0.149,0.012,0.001,0.013,5.66
NONLIVINGAPARTMENTS_MODE,0,"[-inf, 0.00)",24230,0.192,22657,1573,0.065,0.228,0.009,0.001,0.277,8.56
NONLIVINGAPARTMENTS_MODE,1,"[0.00, inf)",14252,0.113,13290,962,0.067,0.186,0.004,0.0,0.277,8.045
NONLIVINGAPARTMENTS_MODE,2,Special,0,0.0,0,0,0.0,0.0,0.0,0.0,0.277,5.747
NONLIVINGAPARTMENTS_MODE,3,Missing,87473,0.694,79905,7568,0.087,-0.083,0.005,0.001,0.277,4.728
NONLIVINGAREA_MODE,0,"[-inf, 0.01)",34454,0.274,32130,2324,0.067,0.187,0.009,0.001,0.538,10.228
NONLIVINGAREA_MODE,1,"[0.01, 0.02)",7771,0.062,7243,528,0.068,0.179,0.002,0.0,0.538,10.041
NONLIVINGAREA_MODE,2,"[0.02, 0.06)",7043,0.056,6531,512,0.073,0.107,0.001,0.0,0.538,8.299
NONLIVINGAREA_MODE,3,"[0.06, inf)",7091,0.056,6673,418,0.059,0.331,0.005,0.001,0.538,13.675
NONLIVINGAREA_MODE,4,Special,0,0.0,0,0,0.0,0.0,0.0,0.0,0.538,5.747
NONLIVINGAREA_MODE,5,Missing,69596,0.553,63275,6321,0.091,-0.136,0.011,0.001,0.538,2.491
APARTMENTS_MEDI,0,"[-inf, 0.02)",7975,0.063,7255,720,0.09,-0.129,0.001,0.0,-0.338,7.691
APARTMENTS_MEDI,1,"[0.02, 0.05)",6830,0.054,6281,549,0.08,-0.002,0.0,0.0,-0.338,5.781
APARTMENTS_MEDI,2,"[0.05, 0.10)",19771,0.157,18496,1275,0.064,0.235,0.008,0.001,-0.338,2.21
APARTMENTS_MEDI,3,"[0.10, 0.17)",15813,0.126,14807,1006,0.064,0.25,0.007,0.001,-0.338,1.992
APARTMENTS_MEDI,4,"[0.17, inf)",11570,0.092,10910,660,0.057,0.366,0.011,0.001,-0.338,0.246
APARTMENTS_MEDI,5,Special,0,0.0,0,0,0.0,0.0,0.0,0.0,-0.338,5.747
APARTMENTS_MEDI,6,Missing,63996,0.508,58103,5893,0.092,-0.151,0.012,0.002,-0.338,8.018
BASEMENTAREA_MEDI,0,"[-inf, 0.00)",6553,0.052,6105,448,0.068,0.173,0.001,0.0,1.43,16.743
BASEMENTAREA_MEDI,1,"[0.00, 0.05)",7408,0.059,6857,551,0.074,0.082,0.0,0.0,1.43,10.959
BASEMENTAREA_MEDI,2,"[0.05, 0.09)",17819,0.141,16587,1232,0.069,0.16,0.003,0.0,1.43,15.973
BASEMENTAREA_MEDI,3,"[0.09, 0.14)",12687,0.101,11869,818,0.064,0.235,0.005,0.001,1.43,20.742
BASEMENTAREA_MEDI,4,"[0.14, inf)",7692,0.061,7257,435,0.057,0.375,0.007,0.001,1.43,29.634
BASEMENTAREA_MEDI,5,Special,0,0.0,0,0,0.0,0.0,0.0,0.0,1.43,5.747
BASEMENTAREA_MEDI,6,Missing,73796,0.586,67177,6619,0.09,-0.122,0.009,0.001,1.43,-2.033
YEARS_BEGINEXPLUATATION_MEDI,0,"[-inf, 0.97)",8397,0.067,7703,694,0.083,-0.033,0.0,0.0,-0.076,5.856
YEARS_BEGINEXPLUATATION_MEDI,1,"[0.97, 0.98)",8263,0.066,7637,626,0.076,0.062,0.0,0.0,-0.076,5.538
YEARS_BEGINEXPLUATATION_MEDI,2,"[0.98, 0.98)",20364,0.162,18973,1391,0.068,0.174,0.005,0.001,-0.076,5.162
YEARS_BEGINEXPLUATATION_MEDI,3,"[0.98, 0.99)",16253,0.129,15155,1098,0.068,0.185,0.004,0.001,-0.076,5.122
YEARS_BEGINEXPLUATATION_MEDI,4,"[0.99, inf)",11209,0.089,10609,600,0.054,0.433,0.014,0.002,-0.076,4.287
YEARS_BEGINEXPLUATATION_MEDI,5,Special,0,0.0,0,0,0.0,0.0,0.0,0.0,-0.076,5.747
YEARS_BEGINEXPLUATATION_MEDI,6,Missing,61469,0.488,55775,5694,0.093,-0.158,0.013,0.002,-0.076,6.278
YEARS_BUILD_MEDI,0,"[-inf, 0.67)",7544,0.06,6965,579,0.077,0.048,0.0,0.0,-0.308,5.091
YEARS_BUILD_MEDI,1,"[0.67, 0.77)",14874,0.118,13885,989,0.066,0.202,0.004,0.001,-0.308,2.973
YEARS_BUILD_MEDI,2,"[0.77, 0.85)",12968,0.103,12109,859,0.066,0.206,0.004,0.001,-0.308,2.917
YEARS_BUILD_MEDI,3,"[0.85, inf)",6739,0.054,6389,350,0.052,0.465,0.01,0.001,-0.308,-0.625
YEARS_BUILD_MEDI,4,Special,0,0.0,0,0,0.0,0.0,0.0,0.0,-0.308,5.747
YEARS_BUILD_MEDI,5,Missing,83830,0.666,76504,7326,0.087,-0.094,0.006,0.001,-0.308,7.029
COMMONAREA_MEDI,0,"[-inf, 0.01)",14461,0.115,13419,1042,0.072,0.116,0.001,0.0,0.513,8.4
COMMONAREA_MEDI,1,"[0.01, 0.03)",9146,0.073,8553,593,0.065,0.229,0.003,0.0,0.513,10.992
COMMONAREA_MEDI,2,"[0.03, 0.06)",6366,0.051,5994,372,0.058,0.34,0.005,0.001,0.513,13.525
COMMONAREA_MEDI,3,"[0.06, inf)",7989,0.063,7481,508,0.064,0.25,0.004,0.0,0.513,11.467
COMMONAREA_MEDI,4,Special,0,0.0,0,0,0.0,0.0,0.0,0.0,0.513,5.747
COMMONAREA_MEDI,5,Missing,87993,0.699,80405,7588,0.086,-0.079,0.005,0.001,0.513,3.94
ELEVATORS_MEDI,0,"[-inf, 0.01)",35541,0.282,32874,2667,0.075,0.072,0.001,0.0,-0.234,4.993
ELEVATORS_MEDI,1,"[0.01, 0.09)",6808,0.054,6396,412,0.061,0.303,0.004,0.001,-0.234,2.587
ELEVATORS_MEDI,2,"[0.09, 0.21)",8430,0.067,7970,460,0.055,0.413,0.01,0.001,-0.234,1.441
ELEVATORS_MEDI,3,"[0.21, inf)",7971,0.063,7561,410,0.051,0.475,0.012,0.001,-0.234,0.791
ELEVATORS_MEDI,4,Special,0,0.0,0,0,0.0,0.0,0.0,0.0,-0.234,5.747
ELEVATORS_MEDI,5,Missing,67205,0.534,61051,6154,0.092,-0.145,0.012,0.001,-0.234,7.258
ENTRANCES_MEDI,0,"[-inf, 0.08)",17013,0.135,15694,1319,0.078,0.037,0.0,0.0,-0.121,5.547
ENTRANCES_MEDI,1,"[0.08, 0.11)",8945,0.071,8332,613,0.069,0.17,0.002,0.0,-0.121,4.829
ENTRANCES_MEDI,2,"[0.11, 0.22)",27524,0.219,25759,1765,0.064,0.241,0.011,0.001,-0.121,4.445
ENTRANCES_MEDI,3,"[0.22, inf)",9009,0.072,8466,543,0.06,0.307,0.006,0.001,-0.121,4.089
ENTRANCES_MEDI,4,Special,0,0.0,0,0,0.0,0.0,0.0,0.0,-0.121,5.747
ENTRANCES_MEDI,5,Missing,63464,0.504,57601,5863,0.092,-0.155,0.013,0.002,-0.121,6.581
FLOORSMAX_MEDI,0,"[-inf, 0.16)",13359,0.106,12194,1165,0.087,-0.091,0.001,0.0,0.317,4.457
FLOORSMAX_MEDI,1,"[0.16, 0.22)",26694,0.212,24838,1856,0.07,0.154,0.005,0.001,0.317,7.929
FLOORSMAX_MEDI,2,"[0.22, 0.36)",15015,0.119,14129,886,0.059,0.33,0.011,0.001,0.317,10.405
FLOORSMAX_MEDI,3,"[0.36, inf)",8141,0.065,7740,401,0.049,0.521,0.014,0.002,0.317,13.102
FLOORSMAX_MEDI,4,Special,0,0.0,0,0,0.0,0.0,0.0,0.0,0.317,5.747
FLOORSMAX_MEDI,5,Missing,62746,0.498,56951,5795,0.092,-0.154,0.013,0.002,0.317,3.567
FLOORSMIN_MEDI,0,"[-inf, 0.20)",13551,0.108,12524,1027,0.076,0.062,0.0,0.0,0.816,7.982
FLOORSMIN_MEDI,1,"[0.20, 0.26)",14086,0.112,13117,969,0.069,0.166,0.003,0.0,0.816,11.774
FLOORSMIN_MEDI,2,"[0.26, inf)",12801,0.102,12123,678,0.053,0.444,0.017,0.002,0.816,21.885
FLOORSMIN_MEDI,3,Special,0,0.0,0,0,0.0,0.0,0.0,0.0,0.816,5.747
FLOORSMIN_MEDI,4,Missing,85517,0.679,78088,7429,0.087,-0.087,0.005,0.001,0.816,2.585
LANDAREA_MEDI,0,"[-inf, 0.00)",6643,0.053,6198,445,0.067,0.194,0.002,0.0,-0.646,0.151
LANDAREA_MEDI,1,"[0.00, 0.02)",8969,0.071,8269,700,0.078,0.03,0.0,0.0,-0.646,4.892
LANDAREA_MEDI,2,"[0.02, 0.04)",6450,0.051,5985,465,0.072,0.115,0.001,0.0,-0.646,2.423
LANDAREA_MEDI,3,"[0.04, 0.06)",8979,0.071,8361,618,0.069,0.165,0.002,0.0,-0.646,0.988
LANDAREA_MEDI,4,"[0.06, 0.12)",13055,0.104,12225,830,0.064,0.25,0.006,0.001,-0.646,-1.457
LANDAREA_MEDI,5,"[0.12, inf)",7032,0.056,6620,412,0.059,0.337,0.006,0.001,-0.646,-3.961
LANDAREA_MEDI,6,Special,0,0.0,0,0,0.0,0.0,0.0,0.0,-0.646,5.747
LANDAREA_MEDI,7,Missing,74827,0.594,68194,6633,0.089,-0.109,0.007,0.001,-0.646,8.888
LIVINGAPARTMENTS_MEDI,0,"[-inf, 0.05)",8629,0.069,7930,699,0.081,-0.011,0.0,0.0,-0.424,5.949
LIVINGAPARTMENTS_MEDI,1,"[0.05, 0.08)",13831,0.11,12942,889,0.064,0.239,0.006,0.001,-0.424,1.243
LIVINGAPARTMENTS_MEDI,2,"[0.08, 0.12)",6538,0.052,6170,368,0.056,0.38,0.006,0.001,-0.424,-1.423
LIVINGAPARTMENTS_MEDI,3,"[0.12, inf)",10816,0.086,10150,666,0.062,0.284,0.006,0.001,-0.424,0.378
LIVINGAPARTMENTS_MEDI,4,Special,0,0.0,0,0,0.0,0.0,0.0,0.0,-0.424,5.747
LIVINGAPARTMENTS_MEDI,5,Missing,86141,0.684,78660,7481,0.087,-0.087,0.005,0.001,-0.424,7.383
LIVINGAREA_MEDI,0,"[-inf, 0.02)",6934,0.055,6290,644,0.093,-0.16,0.002,0.0,-0.042,6.045
LIVINGAREA_MEDI,1,"[0.02, 0.04)",7713,0.061,7101,612,0.079,0.012,0.0,0.0,-0.042,5.725
LIVINGAREA_MEDI,2,"[0.04, 0.06)",8006,0.064,7446,560,0.07,0.148,0.001,0.0,-0.042,5.471
LIVINGAREA_MEDI,3,"[0.06, 0.09)",14194,0.113,13212,982,0.069,0.16,0.003,0.0,-0.042,5.449
LIVINGAREA_MEDI,4,"[0.09, 0.14)",10828,0.086,10156,672,0.062,0.276,0.006,0.001,-0.042,5.233
LIVINGAREA_MEDI,5,"[0.14, inf)",15024,0.119,14203,821,0.055,0.411,0.017,0.002,-0.042,4.982
LIVINGAREA_MEDI,6,Special,0,0.0,0,0,0.0,0.0,0.0,0.0,-0.042,5.747
LIVINGAREA_MEDI,7,Missing,63256,0.502,57444,5812,0.092,-0.149,0.012,0.001,-0.042,6.023
NONLIVINGAPARTMENTS_MEDI,0,"[-inf, 0.00)",23455,0.186,21931,1524,0.065,0.227,0.009,0.001,-0.351,2.192
NONLIVINGAPARTMENTS_MEDI,1,"[0.00, 0.01)",8687,0.069,8074,613,0.071,0.139,0.001,0.0,-0.351,3.578
NONLIVINGAPARTMENTS_MEDI,2,"[0.01, inf)",6340,0.05,5942,398,0.063,0.264,0.003,0.0,-0.351,1.616
NONLIVINGAPARTMENTS_MEDI,3,Special,0,0.0,0,0,0.0,0.0,0.0,0.0,-0.351,5.747
NONLIVINGAPARTMENTS_MEDI,4,Missing,87473,0.694,79905,7568,0.087,-0.083,0.005,0.001,-0.351,7.039
NONLIVINGAREA_MEDI,0,"[-inf, 0.02)",40404,0.321,37681,2723,0.067,0.188,0.01,0.001,-0.353,2.792
NONLIVINGAREA_MEDI,1,"[0.02, 0.06)",8094,0.064,7497,597,0.074,0.091,0.001,0.0,-0.353,4.318
NONLIVINGAREA_MEDI,2,"[0.06, inf)",7861,0.062,7399,462,0.059,0.334,0.006,0.001,-0.353,0.495
NONLIVINGAREA_MEDI,3,Special,0,0.0,0,0,0.0,0.0,0.0,0.0,-0.353,5.747
NONLIVINGAREA_MEDI,4,Missing,69596,0.553,63275,6321,0.091,-0.136,0.011,0.001,-0.353,7.882
FONDKAPREMONT_MODE,0,['org spec account' 'reg oper spec account'],7257,0.058,6810,447,0.062,0.284,0.004,0.001,0.03,6.131
FONDKAPREMONT_MODE,1,['reg oper account' 'not specified'],32577,0.259,30384,2193,0.067,0.189,0.009,0.001,0.03,6.002
FONDKAPREMONT_MODE,2,Special,0,0.0,0,0,0.0,0.0,0.0,0.0,0.03,5.747
FONDKAPREMONT_MODE,3,Missing,86121,0.684,78658,7463,0.087,-0.084,0.005,0.001,0.03,5.632
HOUSETYPE_MODE,0,['block of flats' 'terraced house' 'specific housing'],62668,0.498,58374,4294,0.069,0.17,0.013,0.002,1.574,17.675
HOUSETYPE_MODE,1,Special,0,0.0,0,0,0.0,0.0,0.0,0.0,1.574,5.747
HOUSETYPE_MODE,2,Missing,63287,0.502,57478,5809,0.092,-0.147,0.012,0.001,1.574,-4.592
TOTALAREA_MODE,0,"[-inf, 0.03)",11968,0.095,10883,1085,0.091,-0.134,0.002,0.0,-0.259,7.293
TOTALAREA_MODE,1,"[0.03, 0.08)",25810,0.205,24035,1775,0.069,0.166,0.005,0.001,-0.259,3.826
TOTALAREA_MODE,2,"[0.08, 0.11)",7967,0.063,7451,516,0.065,0.231,0.003,0.0,-0.259,3.083
TOTALAREA_MODE,3,"[0.11, 0.20)",10685,0.085,10073,612,0.057,0.361,0.01,0.001,-0.259,1.57
TOTALAREA_MODE,4,"[0.20, inf)",8702,0.069,8233,469,0.054,0.426,0.01,0.001,-0.259,0.826
TOTALAREA_MODE,5,Special,0,0.0,0,0,0.0,0.0,0.0,0.0,-0.259,5.747
TOTALAREA_MODE,6,Missing,60823,0.483,55177,5646,0.093,-0.16,0.013,0.002,-0.259,7.594
WALLSMATERIAL_MODE,0,['Monolithic' 'Panel' 'Block'],31582,0.251,29638,1944,0.062,0.285,0.018,0.002,-0.338,1.46
WALLSMATERIAL_MODE,1,"['Stone, brick' 'Mixed' 'Others' 'Wooden']",30250,0.24,27974,2276,0.075,0.069,0.001,0.0,-0.338,4.702
WALLSMATERIAL_MODE,2,Special,0,0.0,0,0,0.0,0.0,0.0,0.0,-0.338,5.747
WALLSMATERIAL_MODE,3,Missing,64123,0.509,58240,5883,0.092,-0.147,0.012,0.001,-0.338,7.958
EMERGENCYSTATE_MODE,0,['No' 'Yes'],66207,0.526,61670,4537,0.069,0.17,0.014,0.002,-0.384,2.837
EMERGENCYSTATE_MODE,1,Special,0,0.0,0,0,0.0,0.0,0.0,0.0,-0.384,5.747
EMERGENCYSTATE_MODE,2,Missing,59748,0.474,54182,5566,0.093,-0.164,0.014,0.002,-0.384,8.549
DEF_30_CNT_SOCIAL_CIRCLE,0,"[-inf, 0.50)",111285,0.884,102662,8623,0.077,0.038,0.001,0.0,-0.245,5.338
DEF_30_CNT_SOCIAL_CIRCLE,1,"[0.50, inf)",14268,0.113,12800,1468,0.103,-0.274,0.01,0.001,-0.245,8.731
DEF_30_CNT_SOCIAL_CIRCLE,2,Special,0,0.0,0,0,0.0,0.0,0.0,0.0,-0.245,5.747
DEF_30_CNT_SOCIAL_CIRCLE,3,Missing,402,0.003,390,12,0.03,1.042,0.002,0.0,-0.245,-5.604
DEF_60_CNT_SOCIAL_CIRCLE,0,"[-inf, 0.50)",115090,0.914,106131,8959,0.078,0.033,0.001,0.0,-0.447,5.098
DEF_60_CNT_SOCIAL_CIRCLE,1,"[0.50, inf)",10463,0.083,9331,1132,0.108,-0.33,0.01,0.001,-0.447,12.324
DEF_60_CNT_SOCIAL_CIRCLE,2,Special,0,0.0,0,0,0.0,0.0,0.0,0.0,-0.447,5.747
DEF_60_CNT_SOCIAL_CIRCLE,3,Missing,402,0.003,390,12,0.03,1.042,0.002,0.0,-0.447,-15.011
DAYS_LAST_PHONE_CHANGE,0,"[-inf, -2524.50)",6303,0.05,6002,301,0.048,0.553,0.012,0.002,-0.24,-0.168
DAYS_LAST_PHONE_CHANGE,1,"[-2524.50, -1881.50)",12820,0.102,12109,711,0.055,0.396,0.014,0.002,-0.24,1.518
DAYS_LAST_PHONE_CHANGE,2,"[-1881.50, -1379.50)",20135,0.16,18859,1276,0.063,0.254,0.009,0.001,-0.24,3.034
DAYS_LAST_PHONE_CHANGE,3,"[-1379.50, -1122.50)",8526,0.068,7895,631,0.074,0.087,0.0,0.0,-0.24,4.814
DAYS_LAST_PHONE_CHANGE,4,"[-1122.50, -726.50)",16739,0.133,15370,1369,0.082,-0.021,0.0,0.0,-0.24,5.973
DAYS_LAST_PHONE_CHANGE,5,"[-726.50, -327.50)",26160,0.208,23733,2427,0.093,-0.159,0.006,0.001,-0.24,7.449
DAYS_LAST_PHONE_CHANGE,6,"[-327.50, inf)",35272,0.28,31884,3388,0.096,-0.198,0.012,0.001,-0.24,7.859
DAYS_LAST_PHONE_CHANGE,7,Special,0,0.0,0,0,0.0,0.0,0.0,0.0,-0.24,5.747
DAYS_LAST_PHONE_CHANGE,8,Missing,0,0.0,0,0,0.0,0.0,0.0,0.0,-0.24,5.747
FLAG_DOCUMENT_3,0,"[-inf, 0.50)",36620,0.291,34381,2239,0.061,0.292,0.022,0.003,-0.483,-0.539
FLAG_DOCUMENT_3,1,"[0.50, inf)",89335,0.709,81471,7864,0.088,-0.102,0.008,0.001,-0.483,7.932
FLAG_DOCUMENT_3,2,Special,0,0.0,0,0,0.0,0.0,0.0,0.0,-0.483,5.747
FLAG_DOCUMENT_3,3,Missing,0,0.0,0,0,0.0,0.0,0.0,0.0,-0.483,5.747
FLAG_DOCUMENT_6,0,"[-inf, 0.50)",114807,0.911,105331,9476,0.083,-0.031,0.001,0.0,0.335,5.282
FLAG_DOCUMENT_6,1,"[0.50, inf)",11148,0.089,10521,627,0.056,0.381,0.011,0.001,0.335,11.424
FLAG_DOCUMENT_6,2,Special,0,0.0,0,0,0.0,0.0,0.0,0.0,0.335,5.747
FLAG_DOCUMENT_6,3,Missing,0,0.0,0,0,0.0,0.0,0.0,0.0,0.335,5.747
AMT_REQ_CREDIT_BUREAU_HOUR,0,"[-inf, inf)",109141,0.867,100763,8378,0.077,0.048,0.002,0.0,-0.47,4.748
AMT_REQ_CREDIT_BUREAU_HOUR,1,Special,0,0.0,0,0,0.0,0.0,0.0,0.0,-0.47,5.747
AMT_REQ_CREDIT_BUREAU_HOUR,2,Missing,16814,0.133,15089,1725,0.103,-0.271,0.011,0.001,-0.47,11.414
AMT_REQ_CREDIT_BUREAU_DAY,0,"[-inf, inf)",109141,0.867,100763,8378,0.077,0.048,0.002,0.0,-0.47,4.748
AMT_REQ_CREDIT_BUREAU_DAY,1,Special,0,0.0,0,0,0.0,0.0,0.0,0.0,-0.47,5.747
AMT_REQ_CREDIT_BUREAU_DAY,2,Missing,16814,0.133,15089,1725,0.103,-0.271,0.011,0.001,-0.47,11.414
AMT_REQ_CREDIT_BUREAU_WEEK,0,"[-inf, inf)",109141,0.867,100763,8378,0.077,0.048,0.002,0.0,-0.47,4.748
AMT_REQ_CREDIT_BUREAU_WEEK,1,Special,0,0.0,0,0,0.0,0.0,0.0,0.0,-0.47,5.747
AMT_REQ_CREDIT_BUREAU_WEEK,2,Missing,16814,0.133,15089,1725,0.103,-0.271,0.011,0.001,-0.47,11.414
AMT_REQ_CREDIT_BUREAU_MON,0,"[-inf, 0.50)",91331,0.725,84277,7054,0.077,0.041,0.001,0.0,0.216,6.142
AMT_REQ_CREDIT_BUREAU_MON,1,"[0.50, inf)",17810,0.141,16486,1324,0.074,0.082,0.001,0.0,0.216,6.54
AMT_REQ_CREDIT_BUREAU_MON,2,Special,0,0.0,0,0,0.0,0.0,0.0,0.0,0.216,5.747
AMT_REQ_CREDIT_BUREAU_MON,3,Missing,16814,0.133,15089,1725,0.103,-0.271,0.011,0.001,0.216,3.138
AMT_REQ_CREDIT_BUREAU_QRT,0,"[-inf, 0.50)",88407,0.702,81536,6871,0.078,0.034,0.001,0.0,-0.634,4.779
AMT_REQ_CREDIT_BUREAU_QRT,1,"[0.50, 1.50)",13952,0.111,13032,920,0.066,0.211,0.005,0.001,-0.634,-0.222
AMT_REQ_CREDIT_BUREAU_QRT,2,"[1.50, inf)",6782,0.054,6195,587,0.087,-0.083,0.0,0.0,-0.634,8.091
AMT_REQ_CREDIT_BUREAU_QRT,3,Special,0,0.0,0,0,0.0,0.0,0.0,0.0,-0.634,5.747
AMT_REQ_CREDIT_BUREAU_QRT,4,Missing,16814,0.133,15089,1725,0.103,-0.271,0.011,0.001,-0.634,13.394
AMT_REQ_CREDIT_BUREAU_YEAR,0,"[-inf, 0.50)",29502,0.234,27399,2103,0.071,0.128,0.004,0.0,-0.388,3.542
AMT_REQ_CREDIT_BUREAU_YEAR,1,"[0.50, 1.50)",25941,0.206,24047,1894,0.073,0.102,0.002,0.0,-0.388,3.988
AMT_REQ_CREDIT_BUREAU_YEAR,2,"[1.50, 4.50)",42928,0.341,39509,3419,0.08,0.008,0.0,0.0,-0.388,5.614
AMT_REQ_CREDIT_BUREAU_YEAR,3,"[4.50, inf)",10770,0.086,9808,962,0.089,-0.118,0.001,0.0,-0.388,7.776
AMT_REQ_CREDIT_BUREAU_YEAR,4,Special,0,0.0,0,0,0.0,0.0,0.0,0.0,-0.388,5.747
AMT_REQ_CREDIT_BUREAU_YEAR,5,Missing,16814,0.133,15089,1725,0.103,-0.271,0.011,0.001,-0.388,10.421
